uce,start_pos,end_pos,length,snp_count
UCE0006-XCE0006,53860440,53860809,370,120
UCE0006-XCE0006,53926724,53927093,370,128
UCE0006-XCE0006,53946974,53947343,370,100
UCE0006-XCE0006,53835141,53835510,370,113
UCE0006-XCE0006,53846330,53846699,370,101
UCE0006-XCE0006,54120081,54120450,370,112
UCE0006-XCE0006,54114409,54114778,370,111
UCE0006-XCE0006,53904147,53904516,370,112
UCE0006-XCE0006,54130082,54130451,370,112
UCE0006-XCE0006,54137806,54138175,370,127
UCE0006-XCE0006,53744377,53744746,370,123
UCE0006-XCE0006,54052550,54052919,370,121
UCE0006-XCE0006,53728116,53728485,370,0
UCE0006-XCE0006,53946804,53947173,370,118
UCE0006-XCE0006,54031271,54031640,370,128
UCE0006-XCE0006,54018769,54019138,370,114
UCE0006-XCE0006,53907005,53907374,370,109
UCE0006-XCE0006,53856322,53856691,370,102
UCE0006-XCE0006,54054333,54054702,370,112
UCE0006-XCE0006,53937868,53938237,370,123
UCE0006-XCE0006,54128656,54129025,370,131
UCE0006-XCE0006,53724340,53724709,370,0
UCE0006-XCE0006,54132159,54132528,370,94
UCE0006-XCE0006,54047466,54047835,370,122
UCE0006-XCE0006,53781073,53781442,370,94
UCE0006-XCE0006,53893370,53893739,370,122
UCE0006-XCE0006,54112903,54113272,370,106
UCE0006-XCE0006,53881554,53881923,370,127
UCE0006-XCE0006,53944861,53945230,370,119
UCE0006-XCE0006,53880761,53881130,370,86
UCE0006-XCE0006,53974452,53974821,370,113
UCE0006-XCE0006,53953634,53954003,370,102
UCE0006-XCE0006,53908211,53908580,370,102
UCE0006-XCE0006,54051551,54051920,370,100
UCE0006-XCE0006,53940597,53940966,370,111
UCE0006-XCE0006,53712687,53713056,370,0
UCE0006-XCE0006,54127577,54127946,370,99
UCE0006-XCE0006,54000731,54001100,370,134
UCE0006-XCE0006,54154782,54155151,370,106
UCE0006-XCE0006,53773044,53773413,370,162
UCE0006-XCE0006,53945032,53945401,370,119
UCE0006-XCE0006,53973862,53974231,370,102
UCE0006-XCE0006,54044424,54044793,370,115
UCE0006-XCE0006,54111977,54112346,370,104
UCE0006-XCE0006,54053348,54053717,370,119
UCE0006-XCE0006,53826135,53826504,370,92
UCE0006-XCE0006,54046908,54047277,370,107
UCE0006-XCE0006,53747376,53747745,370,123
UCE0006-XCE0006,53819763,53820132,370,129
UCE0006-XCE0006,53789882,53790251,370,111
UCE0006-XCE0006,54086889,54087258,370,92
UCE0006-XCE0006,53757006,53757375,370,97
UCE0006-XCE0006,53960093,53960462,370,107
UCE0006-XCE0006,53779837,53780206,370,119
UCE0006-XCE0006,53856826,53857195,370,112
UCE0006-XCE0006,54021805,54022174,370,123
UCE0006-XCE0006,53931754,53932123,370,108
UCE0006-XCE0006,53849676,53850045,370,144
UCE0006-XCE0006,53841229,53841598,370,100
UCE0006-XCE0006,53851362,53851731,370,102
UCE0006-XCE0006,54072680,54073049,370,107
UCE0006-XCE0006,53974008,53974377,370,120
UCE0006-XCE0006,53987369,53987738,370,106
UCE0006-XCE0006,54059783,54060152,370,109
UCE0006-XCE0006,54154565,54154934,370,116
UCE0006-XCE0006,53819463,53819832,370,143
UCE0006-XCE0006,53922330,53922699,370,123
UCE0006-XCE0006,53717876,53718245,370,0
UCE0006-XCE0006,53970997,53971366,370,111
UCE0006-XCE0006,53833208,53833577,370,86
UCE0006-XCE0006,54099320,54099689,370,97
UCE0006-XCE0006,53775859,53776228,370,117
UCE0006-XCE0006,53758659,53759028,370,113
UCE0006-XCE0006,53979515,53979884,370,100
UCE0006-XCE0006,53869218,53869587,370,110
UCE0006-XCE0006,54066986,54067355,370,94
UCE0006-XCE0006,53932833,53933202,370,101
UCE0006-XCE0006,53957666,53958035,370,122
UCE0006-XCE0006,53717157,53717526,370,0
UCE0006-XCE0006,53759971,53760340,370,108
UCE0006-XCE0006,54021602,54021971,370,116
UCE0006-XCE0006,54120859,54121228,370,111
UCE0006-XCE0006,54125290,54125659,370,108
UCE0006-XCE0006,53725677,53726046,370,0
UCE0006-XCE0006,53751087,53751456,370,103
UCE0006-XCE0006,54077895,54078264,370,77
UCE0006-XCE0006,53759986,53760355,370,106
UCE0006-XCE0006,53895734,53896103,370,124
UCE0006-XCE0006,54014314,54014683,370,115
UCE0006-XCE0006,53922609,53922978,370,129
UCE0006-XCE0006,53962906,53963275,370,113
UCE0006-XCE0006,54017521,54017890,370,110
UCE0006-XCE0006,53878604,53878973,370,120
UCE0006-XCE0006,53733846,53734215,370,0
UCE0006-XCE0006,53708214,53708583,370,0
UCE0006-XCE0006,53881816,53882185,370,112
UCE0006-XCE0006,53994281,53994650,370,130
UCE0006-XCE0006,53787798,53788167,370,114
UCE0006-XCE0006,54131223,54131592,370,104
UCE0006-XCE0006,53969763,53970132,370,101
UCE0006-XCE0006,54001979,54002348,370,129
UCE0006-XCE0006,53757008,53757377,370,97
UCE0006-XCE0006,53717591,53717960,370,0
UCE0006-XCE0006,54132839,54133208,370,112
UCE0006-XCE0006,53955773,53956142,370,113
UCE0006-XCE0006,53761809,53762178,370,113
UCE0006-XCE0006,53938979,53939348,370,110
UCE0006-XCE0006,54097876,54098245,370,110
UCE0006-XCE0006,54074668,54075037,370,109
UCE0006-XCE0006,53874801,53875170,370,126
UCE0006-XCE0006,53755247,53755616,370,106
UCE0006-XCE0006,54084574,54084943,370,102
UCE0006-XCE0006,53748945,53749314,370,94
UCE0006-XCE0006,53881250,53881619,370,110
UCE0006-XCE0006,53725332,53725701,370,0
UCE0006-XCE0006,53951109,53951478,370,107
UCE0006-XCE0006,53788220,53788589,370,123
UCE0006-XCE0006,53934898,53935267,370,97
UCE0006-XCE0006,53714541,53714910,370,0
UCE0006-XCE0006,54017363,54017732,370,107
UCE0006-XCE0006,53895367,53895736,370,103
UCE0006-XCE0006,54080968,54081337,370,109
UCE0006-XCE0006,54014030,54014399,370,122
UCE0006-XCE0006,53860289,53860658,370,130
UCE0006-XCE0006,53875705,53876074,370,105
UCE0006-XCE0006,53821335,53821704,370,119
UCE0006-XCE0006,53903655,53904024,370,104
UCE0006-XCE0006,53755128,53755497,370,107
UCE0006-XCE0006,53750777,53751146,370,114
UCE0006-XCE0006,53734204,53734573,370,0
UCE0006-XCE0006,54090000,54090369,370,83
UCE0006-XCE0006,53791430,53791799,370,101
UCE0006-XCE0006,53871108,53871477,370,117
UCE0006-XCE0006,53788072,53788441,370,110
UCE0006-XCE0006,54023152,54023521,370,117
UCE0006-XCE0006,53987528,53987897,370,124
UCE0006-XCE0006,54081709,54082078,370,161
UCE0006-XCE0006,53704145,53704514,370,0
UCE0006-XCE0006,54076314,54076683,370,143
UCE0006-XCE0006,53793520,53793889,370,134
UCE0006-XCE0006,54063775,54064144,370,108
UCE0006-XCE0006,53778441,53778810,370,117
UCE0006-XCE0006,54001968,54002337,370,124
UCE0006-XCE0006,53701936,53702305,370,0
UCE0006-XCE0006,54091840,54092209,370,117
UCE0006-XCE0006,53748423,53748792,370,112
UCE0006-XCE0006,53791515,53791884,370,102
UCE0006-XCE0006,54014610,54014979,370,125
UCE0006-XCE0006,54077105,54077474,370,64
UCE0006-XCE0006,53824748,53825117,370,93
UCE0006-XCE0006,53908041,53908410,370,105
UCE0006-XCE0006,53706560,53706929,370,0
UCE0006-XCE0006,54140400,54140769,370,114
UCE0006-XCE0006,54131224,54131593,370,104
UCE0006-XCE0006,54062474,54062843,370,111
UCE0006-XCE0006,54135596,54135965,370,112
UCE0006-XCE0006,53783512,53783881,370,113
UCE0006-XCE0006,54081973,54082342,370,156
UCE0006-XCE0006,53839949,53840318,370,119
UCE0006-XCE0006,54144231,54144600,370,118
UCE0006-XCE0006,53773701,53774070,370,109
UCE0006-XCE0006,53827006,53827375,370,94
UCE0006-XCE0006,53804750,53805119,370,115
UCE0006-XCE0006,53886338,53886707,370,107
UCE0006-XCE0006,53962445,53962814,370,96
UCE0006-XCE0006,54118081,54118450,370,110
UCE0006-XCE0006,53979035,53979404,370,111
UCE0006-XCE0006,53872094,53872463,370,110
UCE0006-XCE0006,53913980,53914349,370,121
UCE0006-XCE0006,53756834,53757203,370,101
UCE0006-XCE0006,53826370,53826739,370,106
UCE0006-XCE0006,53707797,53708166,370,0
UCE0006-XCE0006,53841381,53841750,370,94
UCE0006-XCE0006,53939193,53939562,370,115
UCE0006-XCE0006,53932149,53932518,370,112
UCE0006-XCE0006,54041655,54042024,370,116
UCE0006-XCE0006,53941166,53941535,370,115
UCE0006-XCE0006,53841528,53841897,370,92
UCE0006-XCE0006,53788748,53789117,370,123
UCE0006-XCE0006,53742578,53742947,370,104
UCE0006-XCE0006,53809669,53810038,370,105
UCE0006-XCE0006,53936270,53936639,370,108
UCE0006-XCE0006,53712449,53712818,370,0
UCE0006-XCE0006,53764438,53764807,370,98
UCE0006-XCE0006,54015384,54015753,370,129
UCE0006-XCE0006,54121013,54121382,370,111
UCE0006-XCE0006,53923510,53923879,370,96
UCE0006-XCE0006,53919553,53919922,370,111
UCE0006-XCE0006,53780253,53780622,370,104
UCE0006-XCE0006,53875828,53876197,370,104
UCE0006-XCE0006,53704340,53704709,370,0
UCE0006-XCE0006,53755468,53755837,370,111
UCE0006-XCE0006,53936120,53936489,370,106
UCE0006-XCE0006,54006699,54007068,370,107
UCE0006-XCE0006,53960804,53961173,370,111
UCE0006-XCE0006,53735222,53735591,370,0
UCE0006-XCE0006,53800406,53800775,370,111
UCE0006-XCE0006,54140597,54140966,370,125
UCE0006-XCE0006,54119850,54120219,370,114
UCE0006-XCE0006,53715048,53715417,370,0
UCE0006-XCE0006,53796146,53796515,370,118
UCE0006-XCE0006,53999346,53999715,370,96
UCE0006-XCE0006,54141272,54141641,370,95
UCE0006-XCE0006,54127159,54127528,370,120
UCE0006-XCE0006,54022504,54022873,370,108
UCE0006-XCE0006,53848871,53849240,370,145
UCE0006-XCE0006,53930897,53931266,370,118
UCE0006-XCE0006,54055604,54055973,370,110
UCE0006-XCE0006,53721848,53722217,370,0
UCE0006-XCE0006,53881344,53881713,370,123
UCE0006-XCE0006,53726554,53726923,370,0
UCE0006-XCE0006,53718335,53718704,370,0
UCE0006-XCE0006,54105706,54106075,370,101
UCE0006-XCE0006,53763237,53763606,370,128
UCE0006-XCE0006,53934062,53934431,370,101
UCE0006-XCE0006,54021163,54021532,370,135
UCE0006-XCE0006,53946658,53947027,370,109
UCE0006-XCE0006,54012204,54012573,370,104
UCE0006-XCE0006,53845561,53845930,370,119
UCE0006-XCE0006,53905544,53905913,370,143
UCE0006-XCE0006,54064106,54064475,370,101
UCE0006-XCE0006,54056606,54056975,370,109
UCE0006-XCE0006,54112872,54113241,370,103
UCE0006-XCE0006,53898356,53898725,370,117
UCE0006-XCE0006,54007195,54007564,370,93
UCE0006-XCE0006,54030718,54031087,370,131
UCE0006-XCE0006,54019742,54020111,370,116
UCE0006-XCE0006,54007570,54007939,370,100
UCE0006-XCE0006,53732162,53732531,370,0
UCE0006-XCE0006,54109874,54110243,370,134
UCE0006-XCE0006,53772950,53773319,370,144
UCE0006-XCE0006,53857419,53857788,370,124
UCE0006-XCE0006,53976048,53976417,370,112
UCE0006-XCE0006,53743616,53743985,370,113
UCE0006-XCE0006,53778356,53778725,370,98
UCE0006-XCE0006,54068995,54069364,370,117
UCE0006-XCE0006,54012071,54012440,370,108
UCE0006-XCE0006,53896644,53897013,370,99
UCE0006-XCE0006,53890634,53891003,370,105
UCE0006-XCE0006,53774054,53774423,370,107
UCE0006-XCE0006,53890782,53891151,370,118
UCE0006-XCE0006,54061530,54061899,370,103
UCE0006-XCE0006,53990179,53990548,370,108
UCE0006-XCE0006,54099143,54099512,370,103
UCE0006-XCE0006,54095297,54095666,370,117
UCE0006-XCE0006,53816075,53816444,370,101
UCE0006-XCE0006,53806586,53806955,370,109
UCE0006-XCE0006,53735398,53735767,370,0
UCE0006-XCE0006,53858345,53858714,370,101
UCE0006-XCE0006,53942323,53942692,370,120
UCE0006-XCE0006,54134052,54134421,370,113
UCE0006-XCE0006,53794236,53794605,370,141
UCE0006-XCE0006,53761546,53761915,370,103
UCE0006-XCE0006,53985417,53985786,370,109
UCE0006-XCE0006,54156210,54156579,370,43
UCE0006-XCE0006,53811111,53811480,370,101
UCE0006-XCE0006,54061189,54061558,370,113
UCE0006-XCE0006,53887792,53888161,370,112
UCE0006-XCE0006,53895274,53895643,370,101
UCE0006-XCE0006,53791283,53791652,370,91
UCE0006-XCE0006,53827569,53827938,370,97
UCE0006-XCE0006,53950099,53950468,370,118
UCE0006-XCE0006,53871915,53872284,370,101
UCE0006-XCE0006,53813434,53813803,370,110
UCE0006-XCE0006,54002829,54003198,370,102
UCE0006-XCE0006,54060140,54060509,370,98
UCE0006-XCE0006,53977264,53977633,370,105
UCE0006-XCE0006,53709955,53710324,370,0
UCE0006-XCE0006,54128669,54129038,370,130
UCE0006-XCE0006,53708703,53709072,370,0
UCE0006-XCE0006,54096226,54096595,370,128
UCE0006-XCE0006,53901088,53901457,370,122
UCE0006-XCE0006,53839385,53839754,370,115
UCE0006-XCE0006,54051109,54051478,370,117
UCE0006-XCE0006,53894952,53895321,370,97
UCE0006-XCE0006,53951519,53951888,370,129
UCE0006-XCE0006,54113696,54114065,370,116
UCE0006-XCE0006,53847499,53847868,370,108
UCE0006-XCE0006,54084050,54084419,370,90
UCE0006-XCE0006,53763793,53764162,370,85
UCE0006-XCE0006,53755493,53755862,370,108
UCE0006-XCE0006,54034567,54034936,370,106
UCE0006-XCE0006,53779552,53779921,370,112
UCE0006-XCE0006,54155509,54155878,370,133
UCE0006-XCE0006,53917606,53917975,370,116
UCE0006-XCE0006,54087916,54088285,370,117
UCE0006-XCE0006,53876192,53876561,370,107
UCE0006-XCE0006,53730150,53730519,370,0
UCE0006-XCE0006,53794285,53794654,370,133
UCE0006-XCE0006,53904580,53904949,370,97
UCE0006-XCE0006,53780159,53780528,370,113
UCE0006-XCE0006,54044108,54044477,370,109
UCE0006-XCE0006,54120694,54121063,370,132
UCE0006-XCE0006,53733670,53734039,370,0
UCE0006-XCE0006,54001701,54002070,370,120
UCE0006-XCE0006,53901411,53901780,370,129
UCE0006-XCE0006,53864263,53864632,370,101
UCE0006-XCE0006,54041094,54041463,370,111
UCE0006-XCE0006,53757332,53757701,370,105
UCE0006-XCE0006,53713150,53713519,370,0
UCE0006-XCE0006,53815886,53816255,370,101
UCE0006-XCE0006,53722517,53722886,370,0
UCE0006-XCE0006,53994612,53994981,370,136
UCE0006-XCE0006,53903669,53904038,370,104
UCE0006-XCE0006,53706513,53706882,370,0
UCE0006-XCE0006,54000676,54001045,370,126
UCE0006-XCE0006,53804057,53804426,370,92
UCE0006-XCE0006,54042095,54042464,370,113
UCE0006-XCE0006,54006786,54007155,370,107
UCE0006-XCE0006,53878641,53879010,370,117
UCE0006-XCE0006,54016156,54016525,370,110
UCE0006-XCE0006,54136582,54136951,370,111
UCE0006-XCE0006,53882392,53882761,370,95
UCE0006-XCE0006,53777281,53777650,370,102
UCE0006-XCE0006,54027128,54027497,370,106
UCE0006-XCE0006,54033511,54033880,370,119
UCE0006-XCE0006,54086906,54087275,370,90
UCE0006-XCE0006,53855177,53855546,370,90
UCE0006-XCE0006,53815238,53815607,370,97
UCE0006-XCE0006,53946813,53947182,370,115
UCE0006-XCE0006,54073229,54073598,370,105
UCE0006-XCE0006,53810852,53811221,370,111
UCE0006-XCE0006,53880877,53881246,370,105
UCE0006-XCE0006,53987475,53987844,370,118
UCE0006-XCE0006,54057700,54058069,370,105
UCE0006-XCE0006,53756830,53757199,370,99
UCE0006-XCE0006,54051705,54052074,370,104
UCE0006-XCE0006,53716217,53716586,370,0
UCE0006-XCE0006,54155079,54155448,370,113
UCE0006-XCE0006,54066552,54066921,370,114
UCE0006-XCE0006,54024016,54024385,370,113
UCE0006-XCE0006,53742529,53742898,370,110
UCE0006-XCE0006,53913794,53914163,370,123
UCE0006-XCE0006,54012694,54013063,370,119
UCE0006-XCE0006,53954856,53955225,370,105
UCE0006-XCE0006,54131432,54131801,370,103
UCE0006-XCE0006,53939484,53939853,370,128
UCE0006-XCE0006,53996370,53996739,370,104
UCE0006-XCE0006,53883676,53884045,370,93
UCE0006-XCE0006,53719682,53720051,370,0
UCE0006-XCE0006,53836200,53836569,370,99
UCE0006-XCE0006,53893890,53894259,370,115
UCE0006-XCE0006,53873935,53874304,370,118
UCE0006-XCE0006,54006332,54006701,370,120
UCE0006-XCE0006,53977845,53978214,370,97
UCE0006-XCE0006,53933296,53933665,370,102
UCE0006-XCE0006,53756427,53756796,370,112
UCE0006-XCE0006,54083975,54084344,370,98
UCE0006-XCE0006,53815127,53815496,370,98
UCE0006-XCE0006,53770876,53771245,370,102
UCE0006-XCE0006,54109720,54110089,370,120
UCE0006-XCE0006,53902623,53902992,370,108
UCE0006-XCE0006,53868482,53868851,370,100
UCE0006-XCE0006,54006013,54006382,370,110
UCE0006-XCE0006,53749069,53749438,370,92
UCE0006-XCE0006,54140961,54141330,370,96
UCE0006-XCE0006,53979818,53980187,370,108
UCE0006-XCE0006,53755857,53756226,370,108
UCE0006-XCE0006,53939659,53940028,370,121
UCE0006-XCE0006,53763119,53763488,370,135
UCE0006-XCE0006,54014263,54014632,370,112
UCE0006-XCE0006,53927257,53927626,370,119
UCE0006-XCE0006,54034353,54034722,370,110
UCE0006-XCE0006,54099470,54099839,370,91
UCE0006-XCE0006,54025473,54025842,370,105
UCE0006-XCE0006,53770451,53770820,370,102
UCE0006-XCE0006,54085592,54085961,370,114
UCE0006-XCE0006,54121562,54121931,370,114
UCE0006-XCE0006,53791280,53791649,370,91
UCE0006-XCE0006,53984975,53985344,370,111
UCE0006-XCE0006,54077870,54078239,370,80
UCE0006-XCE0006,54149959,54150328,370,119
UCE0006-XCE0006,54155588,54155957,370,124
UCE0006-XCE0006,53725497,53725866,370,0
UCE0006-XCE0006,54013235,54013604,370,128
UCE0006-XCE0006,53738464,53738833,370,113
UCE0006-XCE0006,53826652,53827021,370,104
UCE0006-XCE0006,53827761,53828130,370,99
UCE0006-XCE0006,53943126,53943495,370,123
UCE0006-XCE0006,53859773,53860142,370,147
UCE0006-XCE0006,53790520,53790889,370,85
UCE0006-XCE0006,53813213,53813582,370,107
UCE0006-XCE0006,54062870,54063239,370,96
UCE0006-XCE0006,53778883,53779252,370,101
UCE0006-XCE0006,53844664,53845033,370,114
UCE0006-XCE0006,53896543,53896912,370,105
UCE0006-XCE0006,53944769,53945138,370,113
UCE0006-XCE0006,53732222,53732591,370,0
UCE0006-XCE0006,53906134,53906503,370,120
UCE0006-XCE0006,53834211,53834580,370,99
UCE0006-XCE0006,53858357,53858726,370,102
UCE0006-XCE0006,53851036,53851405,370,117
UCE0006-XCE0006,53724098,53724467,370,0
UCE0006-XCE0006,53762803,53763172,370,103
UCE0006-XCE0006,53962757,53963126,370,121
UCE0006-XCE0006,54036837,54037206,370,111
UCE0006-XCE0006,54065361,54065730,370,106
UCE0006-XCE0006,54074937,54075306,370,108
UCE0006-XCE0006,53942455,53942824,370,123
UCE0006-XCE0006,53772358,53772727,370,111
UCE0006-XCE0006,54126190,54126559,370,106
UCE0006-XCE0006,54079291,54079660,370,50
UCE0006-XCE0006,54061548,54061917,370,104
UCE0006-XCE0006,54120011,54120380,370,108
UCE0006-XCE0006,54064438,54064807,370,116
UCE0006-XCE0006,53928367,53928736,370,108
UCE0006-XCE0006,54063947,54064316,370,99
UCE0006-XCE0006,53809477,53809846,370,105
UCE0006-XCE0006,54074363,54074732,370,116
UCE0006-XCE0006,53865805,53866174,370,109
UCE0006-XCE0006,53812704,53813073,370,112
UCE0006-XCE0006,53753509,53753878,370,120
UCE0006-XCE0006,54070042,54070411,370,120
UCE0006-XCE0006,53736046,53736415,370,109
UCE0006-XCE0006,53875517,53875886,370,108
UCE0006-XCE0006,53977725,53978094,370,107
UCE0006-XCE0006,53945609,53945978,370,93
UCE0006-XCE0006,53722081,53722450,370,0
UCE0006-XCE0006,53949071,53949440,370,118
UCE0006-XCE0006,53990875,53991244,370,108
UCE0006-XCE0006,54080930,54081299,370,117
UCE0006-XCE0006,54141560,54141929,370,116
UCE0006-XCE0006,53974763,53975132,370,106
UCE0006-XCE0006,53783719,53784088,370,98
UCE0006-XCE0006,53979189,53979558,370,111
UCE0006-XCE0006,53795995,53796364,370,104
UCE0006-XCE0006,53954295,53954664,370,118
UCE0006-XCE0006,53949411,53949780,370,111
UCE0006-XCE0006,54107144,54107513,370,103
UCE0006-XCE0006,53891141,53891510,370,116
UCE0006-XCE0006,53762549,53762918,370,109
UCE0006-XCE0006,53876868,53877237,370,118
UCE0006-XCE0006,54078226,54078595,370,83
UCE0006-XCE0006,53835057,53835426,370,119
UCE0006-XCE0006,54032442,54032811,370,109
UCE0006-XCE0006,53977892,53978261,370,100
UCE0006-XCE0006,53874863,53875232,370,123
UCE0006-XCE0006,54003579,54003948,370,124
UCE0006-XCE0006,53845373,53845742,370,121
UCE0006-XCE0006,54144840,54145209,370,108
UCE0006-XCE0006,53758957,53759326,370,104
UCE0006-XCE0006,53953163,53953532,370,114
UCE0006-XCE0006,53970168,53970537,370,123
UCE0006-XCE0006,53716052,53716421,370,0
UCE0006-XCE0006,53941253,53941622,370,115
UCE0006-XCE0006,53980486,53980855,370,125
UCE0006-XCE0006,53877133,53877502,370,115
UCE0006-XCE0006,53933035,53933404,370,99
UCE0006-XCE0006,53964092,53964461,370,152
UCE0006-XCE0006,53792743,53793112,370,110
UCE0006-XCE0006,53967737,53968106,370,118
UCE0006-XCE0006,53755704,53756073,370,100
UCE0006-XCE0006,53984465,53984834,370,127
UCE0006-XCE0006,53876942,53877311,370,114
UCE0006-XCE0006,54047377,54047746,370,120
UCE0006-XCE0006,53947666,53948035,370,138
UCE0006-XCE0006,53732396,53732765,370,0
UCE0006-XCE0006,54015646,54016015,370,135
UCE0006-XCE0006,54053923,54054292,370,106
UCE0006-XCE0006,53741907,53742276,370,110
UCE0006-XCE0006,53955200,53955569,370,115
UCE0006-XCE0006,54061873,54062242,370,98
UCE0006-XCE0006,54051134,54051503,370,113
UCE0006-XCE0006,53943799,53944168,370,117
UCE0006-XCE0006,53731310,53731679,370,0
UCE0006-XCE0006,53757557,53757926,370,105
UCE0006-XCE0006,53999218,53999587,370,108
UCE0006-XCE0006,53976374,53976743,370,115
UCE0006-XCE0006,53909096,53909465,370,103
UCE0006-XCE0006,53991697,53992066,370,108
UCE0006-XCE0006,53837970,53838339,370,114
UCE0006-XCE0006,53789535,53789904,370,101
UCE0006-XCE0006,53711197,53711566,370,0
UCE0006-XCE0006,54139564,54139933,370,101
UCE0006-XCE0006,53916222,53916591,370,116
UCE0006-XCE0006,54128211,54128580,370,119
UCE0006-XCE0006,53717511,53717880,370,0
UCE0006-XCE0006,53704475,53704844,370,0
UCE0006-XCE0006,54079871,54080240,370,127
UCE0006-XCE0006,53851387,53851756,370,100
UCE0006-XCE0006,54007895,54008264,370,99
UCE0006-XCE0006,54048644,54049013,370,128
UCE0006-XCE0006,54073561,54073930,370,109
UCE0006-XCE0006,53925791,53926160,370,112
UCE0006-XCE0006,54060385,54060754,370,89
UCE0006-XCE0006,53924565,53924934,370,97
UCE0006-XCE0006,54005546,54005915,370,145
UCE0006-XCE0006,53877771,53878140,370,118
UCE0006-XCE0006,53977159,53977528,370,109
UCE0006-XCE0006,54115043,54115412,370,148
UCE0006-XCE0006,54103587,54103956,370,102
UCE0006-XCE0006,53988431,53988800,370,131
UCE0006-XCE0006,54058100,54058469,370,128
UCE0006-XCE0006,53703349,53703718,370,0
UCE0006-XCE0006,54069926,54070295,370,118
UCE0006-XCE0006,53801014,53801383,370,107
UCE0006-XCE0006,54155230,54155599,370,139
UCE0006-XCE0006,53971484,53971853,370,115
UCE0006-XCE0006,54117433,54117802,370,118
UCE0006-XCE0006,54074339,54074708,370,117
UCE0006-XCE0006,53926315,53926684,370,122
UCE0006-XCE0006,53745269,53745638,370,116
UCE0006-XCE0006,53735205,53735574,370,0
UCE0006-XCE0006,54123835,54124204,370,107
UCE0006-XCE0006,54109676,54110045,370,120
UCE0006-XCE0006,53730551,53730920,370,0
UCE0006-XCE0006,54104784,54105153,370,114
UCE0006-XCE0006,53821531,53821900,370,110
UCE0006-XCE0006,53911202,53911571,370,118
UCE0006-XCE0006,54118917,54119286,370,98
UCE0006-XCE0006,54005744,54006113,370,129
UCE0006-XCE0006,53972377,53972746,370,107
UCE0006-XCE0006,54130954,54131323,370,120
UCE0006-XCE0006,53732181,53732550,370,0
UCE0006-XCE0006,54048904,54049273,370,117
UCE0006-XCE0006,54143661,54144030,370,111
UCE0006-XCE0006,53894979,53895348,370,98
UCE0006-XCE0006,53763093,53763462,370,135
UCE0006-XCE0006,53779948,53780317,370,118
UCE0006-XCE0006,54002810,54003179,370,101
UCE0006-XCE0006,53885324,53885693,370,117
UCE0006-XCE0006,53796097,53796466,370,112
UCE0006-XCE0006,53950619,53950988,370,118
UCE0006-XCE0006,54154457,54154826,370,114
UCE0006-XCE0006,53786331,53786700,370,110
UCE0006-XCE0006,53818281,53818650,370,118
UCE0006-XCE0006,54127245,54127614,370,121
UCE0006-XCE0006,53782915,53783284,370,103
UCE0006-XCE0006,53863172,53863541,370,97
UCE0006-XCE0006,53920742,53921111,370,118
UCE0006-XCE0006,53980553,53980922,370,124
UCE0006-XCE0006,53793512,53793881,370,134
UCE0006-XCE0006,53820892,53821261,370,149
UCE0006-XCE0006,53812961,53813330,370,96
UCE0006-XCE0006,54157542,54157911,370,0
UCE0006-XCE0006,53982605,53982974,370,105
UCE0006-XCE0006,53877795,53878164,370,119
UCE0006-XCE0006,53847671,53848040,370,95
UCE0006-XCE0006,53783210,53783579,370,131
UCE0006-XCE0006,53904244,53904613,370,105
UCE0006-XCE0006,53761670,53762039,370,98
UCE0006-XCE0006,53740112,53740481,370,99
UCE0006-XCE0006,53985342,53985711,370,100
UCE0006-XCE0006,53800470,53800839,370,118
UCE0006-XCE0006,54102413,54102782,370,114
UCE0006-XCE0006,53741979,53742348,370,113
UCE0006-XCE0006,53855336,53855705,370,95
UCE0006-XCE0006,53795757,53796126,370,98
UCE0006-XCE0006,53703727,53704096,370,0
UCE0006-XCE0006,53838026,53838395,370,118
UCE0006-XCE0006,54130391,54130760,370,103
UCE0006-XCE0006,53993691,53994060,370,100
UCE0006-XCE0006,54127584,54127953,370,98
UCE0006-XCE0006,53932080,53932449,370,116
UCE0006-XCE0006,54151733,54152102,370,103
UCE0006-XCE0006,54148769,54149138,370,101
UCE0006-XCE0006,54039304,54039673,370,114
UCE0006-XCE0006,53713898,53714267,370,0
UCE0006-XCE0006,54061973,54062342,370,100
UCE0006-XCE0006,53800367,53800736,370,109
UCE0006-XCE0006,54063938,54064307,370,98
UCE0006-XCE0006,54009080,54009449,370,100
UCE0006-XCE0006,53812247,53812616,370,92
UCE0006-XCE0006,53772062,53772431,370,128
UCE0006-XCE0006,53936645,53937014,370,122
UCE0006-XCE0006,53768937,53769306,370,124
UCE0006-XCE0006,53768873,53769242,370,113
UCE0006-XCE0006,53986919,53987288,370,102
UCE0006-XCE0006,54115304,54115673,370,139
UCE0006-XCE0006,53984348,53984717,370,114
UCE0006-XCE0006,53811008,53811377,370,106
UCE0006-XCE0006,54027729,54028098,370,112
UCE0006-XCE0006,53806615,53806984,370,105
UCE0006-XCE0006,54156567,54156936,370,0
UCE0006-XCE0006,53823084,53823453,370,100
UCE0006-XCE0006,54107231,54107600,370,110
UCE0006-XCE0006,54032224,54032593,370,104
UCE0006-XCE0006,53965604,53965973,370,113
UCE0006-XCE0006,53975165,53975534,370,112
UCE0006-XCE0006,53919838,53920207,370,102
UCE0006-XCE0006,53786965,53787334,370,105
UCE0006-XCE0006,53938024,53938393,370,117
UCE0006-XCE0006,54031423,54031792,370,121
UCE0006-XCE0006,54096166,54096535,370,129
UCE0006-XCE0006,54043001,54043370,370,115
UCE0006-XCE0006,53898927,53899296,370,105
UCE0006-XCE0006,53847150,53847519,370,108
UCE0006-XCE0006,54143338,54143707,370,126
UCE0006-XCE0006,53761072,53761441,370,89
UCE0006-XCE0006,53806569,53806938,370,106
UCE0006-XCE0006,54020651,54021020,370,107
UCE0006-XCE0006,53890372,53890741,370,117
UCE0006-XCE0006,54094831,54095200,370,121
UCE0006-XCE0006,53919931,53920300,370,93
UCE0006-XCE0006,53712247,53712616,370,0
UCE0006-XCE0006,53882779,53883148,370,103
UCE0006-XCE0006,54017456,54017825,370,104
UCE0006-XCE0006,53803542,53803911,370,123
UCE0006-XCE0006,53861616,53861985,370,111
UCE0006-XCE0006,53711494,53711863,370,0
UCE0006-XCE0006,54011733,54012102,370,112
UCE0006-XCE0006,53843123,53843492,370,96
UCE0006-XCE0006,53712996,53713365,370,0
UCE0006-XCE0006,53762093,53762462,370,107
UCE0006-XCE0006,53874864,53875233,370,123
UCE0006-XCE0006,54081069,54081438,370,104
UCE0006-XCE0006,54037419,54037788,370,128
UCE0006-XCE0006,53937720,53938089,370,133
UCE0006-XCE0006,53913924,53914293,370,130
UCE0006-XCE0006,53910738,53911107,370,116
UCE0006-XCE0006,53805911,53806280,370,118
UCE0006-XCE0006,53834543,53834912,370,110
UCE0006-XCE0006,53826170,53826539,370,94
UCE0006-XCE0006,54122533,54122902,370,109
UCE0006-XCE0006,53879850,53880219,370,115
UCE0006-XCE0006,53921924,53922293,370,112
UCE0006-XCE0006,54001881,54002250,370,126
UCE0006-XCE0006,53953258,53953627,370,115
UCE0006-XCE0006,53924346,53924715,370,88
UCE0006-XCE0006,53707621,53707990,370,0
UCE0006-XCE0006,54019258,54019627,370,131
UCE0006-XCE0006,53967224,53967593,370,96
UCE0006-XCE0006,53709348,53709717,370,0
UCE0006-XCE0006,54118728,54119097,370,101
UCE0006-XCE0006,53893238,53893607,370,104
UCE0006-XCE0006,54155019,54155388,370,101
UCE0006-XCE0006,53921867,53922236,370,104
UCE0006-XCE0006,54102415,54102784,370,115
UCE0006-XCE0006,54081049,54081418,370,100
UCE0006-XCE0006,53755965,53756334,370,109
UCE0006-XCE0006,53878041,53878410,370,127
UCE0006-XCE0006,53918351,53918720,370,106
UCE0006-XCE0006,53797863,53798232,370,105
UCE0006-XCE0006,54071406,54071775,370,107
UCE0006-XCE0006,53904478,53904847,370,94
UCE0006-XCE0006,53797358,53797727,370,112
UCE0006-XCE0006,54033180,54033549,370,104
UCE0006-XCE0006,54094484,54094853,370,122
UCE0006-XCE0006,53998334,53998703,370,111
UCE0006-XCE0006,53770084,53770453,370,105
UCE0006-XCE0006,53910496,53910865,370,125
UCE0006-XCE0006,53788862,53789231,370,123
UCE0006-XCE0006,53875935,53876304,370,109
UCE0006-XCE0006,53905881,53906250,370,118
UCE0006-XCE0006,53812203,53812572,370,97
UCE0006-XCE0006,53742083,53742452,370,112
UCE0006-XCE0006,54105379,54105748,370,115
UCE0006-XCE0006,53839240,53839609,370,120
UCE0006-XCE0006,54149692,54150061,370,102
UCE0006-XCE0006,53949961,53950330,370,95
UCE0006-XCE0006,53987440,53987809,370,111
UCE0006-XCE0006,54110568,54110937,370,105
UCE0006-XCE0006,53877360,53877729,370,109
UCE0006-XCE0006,53779477,53779846,370,108
UCE0006-XCE0006,53920653,53921022,370,128
UCE0006-XCE0006,54089755,54090124,370,94
UCE0006-XCE0006,54034412,54034781,370,99
UCE0006-XCE0006,53711371,53711740,370,0
UCE0006-XCE0006,53796814,53797183,370,117
UCE0006-XCE0006,53862091,53862460,370,154
UCE0006-XCE0006,54012418,54012787,370,107
UCE0006-XCE0006,53822621,53822990,370,97
UCE0006-XCE0006,53895770,53896139,370,117
UCE0006-XCE0006,54131363,54131732,370,103
UCE0006-XCE0006,53715731,53716100,370,0
UCE0006-XCE0006,53909646,53910015,370,108
UCE0006-XCE0006,53852670,53853039,370,102
UCE0006-XCE0006,54077043,54077412,370,78
UCE0006-XCE0006,53804883,53805252,370,118
UCE0006-XCE0006,54139164,54139533,370,99
UCE0006-XCE0006,53709230,53709599,370,0
UCE0006-XCE0006,54129150,54129519,370,112
UCE0006-XCE0006,53828703,53829072,370,102
UCE0006-XCE0006,53792836,53793205,370,115
UCE0006-XCE0006,54133455,54133824,370,112
UCE0006-XCE0006,54010533,54010902,370,100
UCE0006-XCE0006,53931473,53931842,370,90
UCE0006-XCE0006,54157399,54157768,370,0
UCE0006-XCE0006,53708030,53708399,370,0
UCE0006-XCE0006,53839651,53840020,370,111
UCE0006-XCE0006,53842413,53842782,370,104
UCE0006-XCE0006,53917835,53918204,370,109
UCE0006-XCE0006,53732776,53733145,370,0
UCE0006-XCE0006,53821183,53821552,370,115
UCE0006-XCE0006,54075418,54075787,370,117
UCE0006-XCE0006,54071287,54071656,370,91
UCE0006-XCE0006,54150089,54150458,370,133
UCE0006-XCE0006,54087687,54088056,370,119
UCE0006-XCE0006,54042066,54042435,370,113
UCE0006-XCE0006,54152081,54152450,370,138
UCE0006-XCE0006,53832634,53833003,370,109
UCE0006-XCE0006,53874080,53874449,370,107
UCE0006-XCE0006,54102021,54102390,370,99
UCE0006-XCE0006,53881953,53882322,370,113
UCE0006-XCE0006,54051214,54051583,370,118
UCE0006-XCE0006,53874825,53875194,370,127
UCE0006-XCE0006,53732137,53732506,370,0
UCE0006-XCE0006,53920900,53921269,370,90
UCE0006-XCE0006,53940427,53940796,370,108
UCE0006-XCE0006,54075919,54076288,370,152
UCE0006-XCE0006,53732924,53733293,370,0
UCE0006-XCE0006,54100350,54100719,370,89
UCE0006-XCE0006,53965672,53966041,370,107
UCE0006-XCE0006,53951235,53951604,370,98
UCE0006-XCE0006,54134442,54134811,370,120
UCE0006-XCE0006,53841014,53841383,370,97
UCE0006-XCE0006,53873178,53873547,370,103
UCE0006-XCE0006,54012935,54013304,370,97
UCE0006-XCE0006,54149265,54149634,370,110
UCE0006-XCE0006,54063463,54063832,370,98
UCE0006-XCE0006,53945107,53945476,370,128
UCE0006-XCE0006,53706251,53706620,370,0
UCE0006-XCE0006,54145755,54146124,370,137
UCE0006-XCE0006,53826944,53827313,370,95
UCE0006-XCE0006,54091215,54091584,370,111
UCE0006-XCE0006,53937100,53937469,370,136
UCE0006-XCE0006,54086063,54086432,370,91
UCE0006-XCE0006,53889245,53889614,370,125
UCE0006-XCE0006,54058884,54059253,370,98
UCE0006-XCE0006,53791739,53792108,370,101
UCE0006-XCE0006,53714457,53714826,370,0
UCE0006-XCE0006,53989846,53990215,370,110
UCE0006-XCE0006,53946995,53947364,370,106
UCE0006-XCE0006,53708117,53708486,370,0
UCE0006-XCE0006,54087223,54087592,370,104
UCE0006-XCE0006,53731621,53731990,370,0
UCE0006-XCE0006,54095345,54095714,370,116
UCE0006-XCE0006,53799744,53800113,370,116
UCE0006-XCE0006,54012423,54012792,370,106
UCE0006-XCE0006,54088871,54089240,370,126
UCE0006-XCE0006,53882584,53882953,370,100
UCE0006-XCE0006,53702426,53702795,370,0
UCE0006-XCE0006,54044139,54044508,370,108
UCE0006-XCE0006,53828378,53828747,370,98
UCE0006-XCE0006,53776117,53776486,370,108
UCE0006-XCE0006,53710701,53711070,370,0
UCE0006-XCE0006,53722051,53722420,370,0
UCE0006-XCE0006,53732454,53732823,370,0
UCE0006-XCE0006,53935911,53936280,370,97
UCE0006-XCE0006,54042612,54042981,370,152
UCE0006-XCE0006,54145900,54146269,370,128
UCE0006-XCE0006,54128546,54128915,370,133
UCE0006-XCE0006,54070106,54070475,370,105
UCE0006-XCE0006,54028091,54028460,370,113
UCE0006-XCE0006,53884553,53884922,370,109
UCE0006-XCE0006,53786577,53786946,370,114
UCE0006-XCE0006,53934576,53934945,370,89
UCE0006-XCE0006,53940011,53940380,370,122
UCE0006-XCE0006,53730666,53731035,370,0
UCE0006-XCE0006,53705983,53706352,370,0
UCE0006-XCE0006,53776635,53777004,370,115
UCE0006-XCE0006,53914584,53914953,370,127
UCE0006-XCE0006,53845505,53845874,370,116
UCE0006-XCE0006,53959547,53959916,370,98
UCE0006-XCE0006,54124527,54124896,370,110
UCE0006-XCE0006,54143206,54143575,370,121
UCE0006-XCE0006,54110486,54110855,370,113
UCE0006-XCE0006,54035681,54036050,370,108
UCE0006-XCE0006,53825452,53825821,370,110
UCE0006-XCE0006,53945271,53945640,370,119
UCE0006-XCE0006,53999931,54000300,370,125
UCE0006-XCE0006,53812193,53812562,370,89
UCE0006-XCE0006,53958517,53958886,370,104
UCE0006-XCE0006,54043930,54044299,370,109
UCE0006-XCE0006,53825051,53825420,370,89
UCE0006-XCE0006,54132081,54132450,370,97
UCE0006-XCE0006,54148144,54148513,370,126
UCE0006-XCE0006,53989363,53989732,370,109
UCE0006-XCE0006,54045700,54046069,370,103
UCE0006-XCE0006,53748919,53749288,370,100
UCE0006-XCE0006,54041888,54042257,370,118
UCE0006-XCE0006,53973499,53973868,370,115
UCE0006-XCE0006,53915118,53915487,370,112
UCE0006-XCE0006,54092922,54093291,370,118
UCE0006-XCE0006,54126652,54127021,370,100
UCE0006-XCE0006,53997903,53998272,370,100
UCE0006-XCE0006,53820966,53821335,370,147
UCE0006-XCE0006,53818473,53818842,370,117
UCE0006-XCE0006,54124115,54124484,370,116
UCE0006-XCE0006,53880381,53880750,370,121
UCE0006-XCE0006,53719033,53719402,370,0
UCE0006-XCE0006,54141891,54142260,370,104
UCE0006-XCE0006,53810933,53811302,370,106
UCE0006-XCE0006,53898040,53898409,370,110
UCE0006-XCE0006,53750280,53750649,370,97
UCE0006-XCE0006,54067474,54067843,370,110
UCE0006-XCE0006,54136635,54137004,370,111
UCE0006-XCE0006,54056000,54056369,370,106
UCE0006-XCE0006,54010277,54010646,370,108
UCE0006-XCE0006,54062210,54062579,370,112
UCE0006-XCE0006,53983820,53984189,370,169
UCE0006-XCE0006,53888053,53888422,370,107
UCE0006-XCE0006,54054227,54054596,370,104
UCE0006-XCE0006,54097154,54097523,370,123
UCE0006-XCE0006,53760497,53760866,370,105
UCE0006-XCE0006,54079291,54079660,370,50
UCE0006-XCE0006,54109281,54109650,370,101
UCE0006-XCE0006,53702052,53702421,370,0
UCE0006-XCE0006,53983885,53984254,370,169
UCE0006-XCE0006,54077997,54078366,370,82
UCE0006-XCE0006,53892600,53892969,370,127
UCE0006-XCE0006,53921999,53922368,370,119
UCE0006-XCE0006,54122689,54123058,370,112
UCE0006-XCE0006,54151455,54151824,370,115
UCE0006-XCE0006,53824246,53824615,370,125
UCE0006-XCE0006,53773740,53774109,370,108
UCE0006-XCE0006,53867293,53867662,370,118
UCE0006-XCE0006,53814256,53814625,370,116
UCE0006-XCE0006,54065577,54065946,370,113
UCE0006-XCE0006,53712384,53712753,370,0
UCE0006-XCE0006,53995996,53996365,370,112
UCE0006-XCE0006,54013348,54013717,370,123
UCE0006-XCE0006,53736842,53737211,370,138
UCE0006-XCE0006,54036282,54036651,370,101
UCE0006-XCE0006,53710360,53710729,370,0
UCE0006-XCE0006,53942276,53942645,370,119
UCE0006-XCE0006,53745035,53745404,370,130
UCE0006-XCE0006,53733856,53734225,370,0
UCE0006-XCE0006,53784353,53784722,370,104
UCE0006-XCE0006,54061098,54061467,370,114
UCE0006-XCE0006,54049283,54049652,370,114
UCE0006-XCE0006,54011767,54012136,370,104
UCE0006-XCE0006,54026952,54027321,370,96
UCE0006-XCE0006,53864151,53864520,370,98
UCE0006-XCE0006,53964940,53965309,370,136
UCE0006-XCE0006,54033094,54033463,370,97
UCE0006-XCE0006,53767749,53768118,370,107
UCE0006-XCE0006,54033422,54033791,370,120
UCE0006-XCE0006,53789284,53789653,370,112
UCE0006-XCE0006,53999500,53999869,370,110
UCE0006-XCE0006,54004761,54005130,370,126
UCE0006-XCE0006,53895139,53895508,370,91
UCE0006-XCE0006,53922037,53922406,370,118
UCE0006-XCE0006,53752515,53752884,370,111
UCE0006-XCE0006,54107612,54107981,370,124
UCE0006-XCE0006,54021313,54021682,370,130
UCE0006-XCE0006,53755007,53755376,370,113
UCE0006-XCE0006,54111884,54112253,370,102
UCE0006-XCE0006,53831806,53832175,370,97
UCE0006-XCE0006,53878599,53878968,370,120
UCE0006-XCE0006,53731773,53732142,370,0
UCE0006-XCE0006,53899096,53899465,370,108
UCE0006-XCE0006,53922745,53923114,370,124
UCE0006-XCE0006,53754837,53755206,370,115
UCE0006-XCE0006,53855903,53856272,370,104
UCE0006-XCE0006,54009705,54010074,370,112
UCE0006-XCE0006,53947136,53947505,370,104
UCE0006-XCE0006,53994929,53995298,370,116
UCE0006-XCE0006,53818548,53818917,370,107
UCE0006-XCE0006,53960577,53960946,370,116
UCE0006-XCE0006,54108868,54109237,370,94
UCE0006-XCE0006,53751857,53752226,370,95
UCE0006-XCE0006,54115474,54115843,370,130
UCE0006-XCE0006,53912159,53912528,370,118
UCE0006-XCE0006,53980413,53980782,370,114
UCE0006-XCE0006,53810276,53810645,370,101
UCE0006-XCE0006,54129494,54129863,370,109
UCE0006-XCE0006,53841158,53841527,370,102
UCE0006-XCE0006,53995936,53996305,370,109
UCE0006-XCE0006,53819608,53819977,370,135
UCE0006-XCE0006,54018654,54019023,370,120
UCE0006-XCE0006,53835832,53836201,370,107
UCE0006-XCE0006,53946981,53947350,370,101
UCE0006-XCE0006,53965201,53965570,370,134
UCE0006-XCE0006,54037279,54037648,370,132
UCE0006-XCE0006,53975999,53976368,370,114
UCE0006-XCE0006,53970550,53970919,370,109
UCE0006-XCE0006,54050516,54050885,370,119
UCE0006-XCE0006,53976034,53976403,370,114
UCE0006-XCE0006,53834871,53835240,370,112
UCE0006-XCE0006,54097560,54097929,370,123
UCE0006-XCE0006,53902917,53903286,370,116
UCE0006-XCE0006,53793849,53794218,370,126
UCE0006-XCE0006,53729111,53729480,370,0
UCE0006-XCE0006,53997901,53998270,370,99
UCE0006-XCE0006,53783316,53783685,370,142
UCE0006-XCE0006,53831895,53832264,370,97
UCE0006-XCE0006,53949546,53949915,370,107
UCE0006-XCE0006,53824080,53824449,370,115
UCE0006-XCE0006,53950397,53950766,370,114
UCE0006-XCE0006,53719602,53719971,370,0
UCE0006-XCE0006,53787247,53787616,370,99
UCE0006-XCE0006,53795913,53796282,370,108
UCE0006-XCE0006,53953459,53953828,370,106
UCE0006-XCE0006,54139127,54139496,370,100
UCE0006-XCE0006,53810560,53810929,370,100
UCE0006-XCE0006,54005040,54005409,370,98
UCE0006-XCE0006,53989413,53989782,370,109
UCE0006-XCE0006,54052808,54053177,370,109
UCE0006-XCE0006,53958641,53959010,370,111
UCE0006-XCE0006,54104999,54105368,370,124
UCE0006-XCE0006,53921096,53921465,370,92
UCE0006-XCE0006,53749239,53749608,370,107
UCE0006-XCE0006,54127602,54127971,370,100
UCE0006-XCE0006,53717535,53717904,370,0
UCE0006-XCE0006,53747155,53747524,370,106
UCE0006-XCE0006,54030488,54030857,370,113
UCE0006-XCE0006,54128406,54128775,370,129
UCE0006-XCE0006,54136724,54137093,370,108
UCE0006-XCE0006,53722126,53722495,370,0
UCE0006-XCE0006,54094050,54094419,370,100
UCE0006-XCE0006,53760997,53761366,370,86
UCE0006-XCE0006,53737163,53737532,370,113
UCE0006-XCE0006,53756309,53756678,370,104
UCE0006-XCE0006,53862191,53862560,370,137
UCE0006-XCE0006,53931022,53931391,370,109
UCE0006-XCE0006,53725896,53726265,370,0
UCE0006-XCE0006,53795230,53795599,370,126
UCE0006-XCE0006,53904151,53904520,370,113
UCE0006-XCE0006,54068496,54068865,370,115
UCE0006-XCE0006,54111242,54111611,370,117
UCE0006-XCE0006,54156308,54156677,370,14
UCE0006-XCE0006,53739927,53740296,370,96
UCE0006-XCE0006,53937403,53937772,370,118
UCE0006-XCE0006,53831118,53831487,370,98
UCE0006-XCE0006,53826163,53826532,370,94
UCE0006-XCE0006,53999949,54000318,370,122
UCE0006-XCE0006,53703758,53704127,370,0
UCE0006-XCE0006,54033368,54033737,370,110
UCE0006-XCE0006,53840846,53841215,370,98
UCE0006-XCE0006,54033443,54033812,370,121
UCE0006-XCE0006,54088595,54088964,370,121
UCE0006-XCE0006,53864035,53864404,370,108
UCE0006-XCE0006,53901726,53902095,370,117
UCE0006-XCE0006,53986994,53987363,370,99
UCE0006-XCE0006,53847599,53847968,370,98
UCE0006-XCE0006,53724561,53724930,370,0
UCE0006-XCE0006,53972366,53972735,370,107
UCE0006-XCE0006,53756144,53756513,370,98
UCE0006-XCE0006,53772676,53773045,370,131
UCE0006-XCE0006,54042795,54043164,370,131
UCE0006-XCE0006,54101119,54101488,370,98
UCE0006-XCE0006,53888079,53888448,370,109
UCE0006-XCE0006,53990766,53991135,370,120
UCE0006-XCE0006,53814344,53814713,370,115
UCE0006-XCE0006,53910327,53910696,370,119
UCE0006-XCE0006,54069463,54069832,370,111
UCE0006-XCE0006,54070378,54070747,370,88
UCE0006-XCE0006,53715773,53716142,370,0
UCE0006-XCE0006,53955772,53956141,370,114
UCE0006-XCE0006,54078156,54078525,370,81
UCE0006-XCE0006,53836952,53837321,370,102
UCE0006-XCE0006,53857365,53857734,370,122
UCE0006-XCE0006,53844437,53844806,370,105
UCE0006-XCE0006,53943659,53944028,370,133
UCE0006-XCE0006,53763743,53764112,370,93
UCE0006-XCE0006,53853393,53853762,370,104
UCE0006-XCE0006,53800632,53801001,370,111
UCE0006-XCE0006,53709857,53710226,370,0
UCE0006-XCE0006,54068162,54068531,370,106
UCE0006-XCE0006,53778856,53779225,370,103
UCE0006-XCE0006,53939658,53940027,370,120
UCE0006-XCE0006,54148683,54149052,370,120
UCE0006-XCE0006,53714983,53715352,370,0
UCE0006-XCE0006,53969171,53969540,370,104
UCE0006-XCE0006,53716202,53716571,370,0
UCE0006-XCE0006,53804185,53804554,370,94
UCE0006-XCE0006,53760326,53760695,370,95
UCE0006-XCE0006,53845826,53846195,370,118
UCE0006-XCE0006,53969870,53970239,370,103
UCE0006-XCE0006,54027633,54028002,370,100
UCE0006-XCE0006,53739677,53740046,370,110
UCE0006-XCE0006,53860311,53860680,370,130
UCE0006-XCE0006,53760990,53761359,370,86
UCE0006-XCE0006,53830721,53831090,370,112
UCE0006-XCE0006,53798415,53798784,370,119
UCE0006-XCE0006,53834028,53834397,370,94
UCE0006-XCE0006,53942207,53942576,370,111
UCE0006-XCE0006,54060860,54061229,370,110
UCE0006-XCE0006,53834317,53834686,370,109
UCE0006-XCE0006,53948046,53948415,370,107
UCE0006-XCE0006,54084979,54085348,370,114
UCE0006-XCE0006,53798986,53799355,370,118
UCE0006-XCE0006,53936910,53937279,370,123
UCE0006-XCE0006,53931667,53932036,370,100
UCE0006-XCE0006,54116590,54116959,370,101
UCE0006-XCE0006,54136672,54137041,370,104
UCE0006-XCE0006,54125874,54126243,370,107
UCE0006-XCE0006,53841627,53841996,370,97
UCE0006-XCE0006,53964525,53964894,370,98
UCE0006-XCE0006,54100834,54101203,370,111
UCE0006-XCE0006,53738425,53738794,370,113
UCE0006-XCE0006,54126153,54126522,370,99
UCE0006-XCE0006,53785418,53785787,370,111
UCE0006-XCE0006,54083948,54084317,370,99
UCE0006-XCE0006,53876276,53876645,370,108
UCE0006-XCE0006,53795308,53795677,370,125
UCE0006-XCE0006,54013393,54013762,370,120
UCE0006-XCE0006,54111017,54111386,370,109
UCE0006-XCE0006,53999669,54000038,370,133
UCE0006-XCE0006,53970686,53971055,370,108
UCE0006-XCE0006,54081578,54081947,370,123
UCE0006-XCE0006,53739897,53740266,370,100
UCE0006-XCE0006,53818364,53818733,370,120
UCE0006-XCE0006,53820956,53821325,370,150
UCE0006-XCE0006,53764295,53764664,370,110
UCE0006-XCE0006,53844019,53844388,370,107
UCE0006-XCE0006,54148263,54148632,370,131
UCE0006-XCE0006,54123378,54123747,370,101
UCE0006-XCE0006,53725401,53725770,370,0
